Residues,Total Residue Energy
663,-1.3635825213630124
664,-3.8402694817348313
665,-6.051276631094536
666,-8.402302486971529
667,-11.545956968910492
668,-13.679981935562406
669,-17.144014209117607
670,-20.618620277709
671,-23.784384346838976
672,-27.945485266904953
673,-30.85666890972824
674,-33.87313365829233
675,-37.04336638187151
676,-40.452567056515285
677,-41.76825085158633
678,-45.189447128888716
679,-46.89881614938866
680,-50.04886593246826
681,-51.3685200860452
682,-52.55497197114046
683,-53.79656303737786
684,-56.41605985985389
685,-59.20966226180453
686,-62.007050360802495
687,-64.90805379285888
688,-68.8329572404486
689,-70.98666874902628
690,-73.53241175092946
691,-74.96424342584451
692,-77.9412975220078
693,-80.92288685471512
694,-81.52678909356389
695,-82.79398791971815
total,-82.79398791971815