Residues,Total Residue Energy
149,0.740404249212711
150,1.6813741053858542
151,1.7845009829381044
152,1.7236585997815963
153,5.7682035270325995
154,3.6282864955418463
155,2.2825059514982775
174,6.561363589712373
174,10.840221227926468
176,15.625860313813796
177,16.141090764028572
total,16.141090764028572