Residues,Total Residue Energy
149,0.8522619125576055
150,2.275262944071729
151,2.3799295246094516
152,2.4666412658780716
153,5.4320168623489735
154,3.272337449592974
155,1.882114608709563
174,6.315513834808072
174,10.748913060906581
176,15.460803059703197
177,16.03656528382076
total,16.03656528382076