Residues,Total Residue Energy
663,-1.2445017767891344
664,-2.4492421179235606
665,-3.532852157684128
666,-6.88623802338617
667,-9.561207324234081
668,-11.374370378574353
669,-15.64417193825883
670,-18.358539676537763
671,-20.222816003211605
672,-24.164278597459386
673,-27.078883156907274
674,-30.14072338553471
675,-33.226713513139345
676,-36.401391120143714
677,-37.719029089843886
678,-41.25061400344948
679,-42.83958576747609
680,-46.831115650119074
681,-48.23570126929198
682,-49.41026330679789
683,-50.48505442507551
684,-52.76167326075343
685,-55.60725070061832
686,-58.14567727135432
687,-60.746509391330555
688,-64.66686496303191
689,-67.03835586111632
690,-69.64271615847252
691,-72.34069418186921
692,-74.95046357865273
693,-78.49804411154697
694,-79.23683165089082
695,-80.43434669891585
total,-80.43434669891585