Residues,Total Residue Energy
149,0.4012763954727803
150,1.7541636322481504
151,1.6230160191480425
152,1.62354248390087
153,4.872901805184531
154,2.8006117053648003
155,1.462919125257069
174,5.5442259008244275
174,9.625532676391785
176,14.84873696513425
177,14.784068447459711
total,14.784068447459711