Residues,Total Residue Energy
663,-2.3689412180668192
664,-4.572007972706036
665,-6.933127778849203
666,-9.539975016409192
667,-12.10414733931795
668,-14.201199127751018
669,-17.63465899054377
670,-20.602435578447412
671,-23.2440924903645
672,-27.502333732095487
673,-30.225695541894357
674,-35.13058952824457
675,-38.87978141252455
676,-42.16730472181709
677,-43.44512547005125
678,-46.61048405430292
679,-48.336651228496976
680,-52.346552631451125
681,-53.69898162650424
682,-54.885200852201905
683,-55.97905539286152
684,-58.29302553544546
685,-61.14944360995104
686,-63.414327713361104
687,-65.94991502837897
688,-69.52067873734616
689,-71.68058446358205
690,-74.22372068173597
691,-76.40775048944955
692,-79.38934529673139
693,-82.34954253242459
694,-82.9899904197078
695,-84.23557870457572
total,-84.23557870457572