Residues,Total Residue Energy
663,-2.8661265817828085
664,-3.975858448461533
665,-5.544493982463223
666,-7.5863099581256
667,-9.857508508738873
668,-11.724243853221818
669,-15.874188048155247
670,-19.137151128095585
671,-21.530911073496423
672,-25.8623423986325
673,-29.662837889589884
674,-32.346474193076276
675,-35.52457452825142
676,-38.871653741124646
677,-40.183237306491755
678,-42.61308409277173
679,-44.610077186784125
680,-48.451653279054156
681,-50.1153615073344
682,-51.27833400933672
683,-52.43944067714603
684,-54.83753182980223
685,-57.73858789627675
686,-60.41666208802295
687,-62.88842997435638
688,-66.78514062709259
689,-68.80993175219137
690,-72.50253354228593
691,-74.25733755712027
692,-77.15409246713239
693,-80.17738205961602
694,-80.75619881123201
695,-81.96686847015881
total,-81.96686847015881