Residues,Total Residue Energy
149,0.5962546249582272
150,1.400476403783576
151,1.6494016471817181
152,1.3643086903046542
153,3.982602484004003
154,1.9352928880983304
174,5.371203433543442
176,10.722667877266488
177,10.87433745011375
total,10.87433745011375